
{"items":[{"name":"org.objectweb.proactive.extensions.dataspaces.api","href":"org.objectweb.proactive.extensions.dataspaces.api.html","topicHref":"org.objectweb.proactive.extensions.dataspaces.api.html","topicUid":"org.objectweb.proactive.extensions.dataspaces.api","items":[{"name":"FileSelector","href":"org.objectweb.proactive.extensions.dataspaces.api.FileSelector.html","topicHref":"org.objectweb.proactive.extensions.dataspaces.api.FileSelector.html","topicUid":"org.objectweb.proactive.extensions.dataspaces.api.FileSelector"},{"name":"FileType","href":"org.objectweb.proactive.extensions.dataspaces.api.FileType.html","topicHref":"org.objectweb.proactive.extensions.dataspaces.api.FileType.html","topicUid":"org.objectweb.proactive.extensions.dataspaces.api.FileType"},{"name":"FileType.InnerEnum","href":"org.objectweb.proactive.extensions.dataspaces.api.FileType.InnerEnum.html","topicHref":"org.objectweb.proactive.extensions.dataspaces.api.FileType.InnerEnum.html","topicUid":"org.objectweb.proactive.extensions.dataspaces.api.FileType.InnerEnum"}]},{"name":"org.objectweb.proactive.extensions.dataspaces.vfs.selector","href":"org.objectweb.proactive.extensions.dataspaces.vfs.selector.html","topicHref":"org.objectweb.proactive.extensions.dataspaces.vfs.selector.html","topicUid":"org.objectweb.proactive.extensions.dataspaces.vfs.selector","items":[{"name":"FileSelector","href":"org.objectweb.proactive.extensions.dataspaces.vfs.selector.FileSelector.html","topicHref":"org.objectweb.proactive.extensions.dataspaces.vfs.selector.FileSelector.html","topicUid":"org.objectweb.proactive.extensions.dataspaces.vfs.selector.FileSelector"}]},{"name":"org.ow2.proactive.authentication","href":"org.ow2.proactive.authentication.html","topicHref":"org.ow2.proactive.authentication.html","topicUid":"org.ow2.proactive.authentication","items":[{"name":"ConnectionInfo","href":"org.ow2.proactive.authentication.ConnectionInfo.html","topicHref":"org.ow2.proactive.authentication.ConnectionInfo.html","topicUid":"org.ow2.proactive.authentication.ConnectionInfo"},{"name":"UserData","href":"org.ow2.proactive.authentication.UserData.html","topicHref":"org.ow2.proactive.authentication.UserData.html","topicUid":"org.ow2.proactive.authentication.UserData"}]},{"name":"org.ow2.proactive.db","href":"org.ow2.proactive.db.html","topicHref":"org.ow2.proactive.db.html","topicUid":"org.ow2.proactive.db","items":[{"name":"DatabaseManagerException","href":"org.ow2.proactive.db.DatabaseManagerException.html","topicHref":"org.ow2.proactive.db.DatabaseManagerException.html","topicUid":"org.ow2.proactive.db.DatabaseManagerException"},{"name":"SortOrder","href":"org.ow2.proactive.db.SortOrder.html","topicHref":"org.ow2.proactive.db.SortOrder.html","topicUid":"org.ow2.proactive.db.SortOrder"},{"name":"SortOrder.InnerEnum","href":"org.ow2.proactive.db.SortOrder.InnerEnum.html","topicHref":"org.ow2.proactive.db.SortOrder.InnerEnum.html","topicUid":"org.ow2.proactive.db.SortOrder.InnerEnum"},{"name":"SortParameter<T>","href":"org.ow2.proactive.db.SortParameter-1.html","topicHref":"org.ow2.proactive.db.SortParameter-1.html","topicUid":"org.ow2.proactive.db.SortParameter`1","name.vb":"SortParameter(Of T)"}]},{"name":"org.ow2.proactive.db.types","href":"org.ow2.proactive.db.types.html","topicHref":"org.ow2.proactive.db.types.html","topicUid":"org.ow2.proactive.db.types","items":[{"name":"BigString","href":"org.ow2.proactive.db.types.BigString.html","topicHref":"org.ow2.proactive.db.types.BigString.html","topicUid":"org.ow2.proactive.db.types.BigString"}]},{"name":"org.ow2.proactive.scheduler.common","href":"org.ow2.proactive.scheduler.common.html","topicHref":"org.ow2.proactive.scheduler.common.html","topicUid":"org.ow2.proactive.scheduler.common","items":[{"name":"JobFilterCriteria","href":"org.ow2.proactive.scheduler.common.JobFilterCriteria.html","topicHref":"org.ow2.proactive.scheduler.common.JobFilterCriteria.html","topicUid":"org.ow2.proactive.scheduler.common.JobFilterCriteria"},{"name":"JobSortParameter","href":"org.ow2.proactive.scheduler.common.JobSortParameter.html","topicHref":"org.ow2.proactive.scheduler.common.JobSortParameter.html","topicUid":"org.ow2.proactive.scheduler.common.JobSortParameter"},{"name":"SchedulerConstants","href":"org.ow2.proactive.scheduler.common.SchedulerConstants.html","topicHref":"org.ow2.proactive.scheduler.common.SchedulerConstants.html","topicUid":"org.ow2.proactive.scheduler.common.SchedulerConstants"},{"name":"SchedulerSpaceInterface","href":"org.ow2.proactive.scheduler.common.SchedulerSpaceInterface.html","topicHref":"org.ow2.proactive.scheduler.common.SchedulerSpaceInterface.html","topicUid":"org.ow2.proactive.scheduler.common.SchedulerSpaceInterface"},{"name":"SortSpecifierContainer","href":"org.ow2.proactive.scheduler.common.SortSpecifierContainer.html","topicHref":"org.ow2.proactive.scheduler.common.SortSpecifierContainer.html","topicUid":"org.ow2.proactive.scheduler.common.SortSpecifierContainer"},{"name":"SortSpecifierContainer.SortSpecifierItem","href":"org.ow2.proactive.scheduler.common.SortSpecifierContainer.SortSpecifierItem.html","topicHref":"org.ow2.proactive.scheduler.common.SortSpecifierContainer.SortSpecifierItem.html","topicUid":"org.ow2.proactive.scheduler.common.SortSpecifierContainer.SortSpecifierItem"},{"name":"TaskSortParameter","href":"org.ow2.proactive.scheduler.common.TaskSortParameter.html","topicHref":"org.ow2.proactive.scheduler.common.TaskSortParameter.html","topicUid":"org.ow2.proactive.scheduler.common.TaskSortParameter"},{"name":"ThirdPartyCredentials","href":"org.ow2.proactive.scheduler.common.ThirdPartyCredentials.html","topicHref":"org.ow2.proactive.scheduler.common.ThirdPartyCredentials.html","topicUid":"org.ow2.proactive.scheduler.common.ThirdPartyCredentials"}]},{"name":"org.ow2.proactive.scheduler.common.exception","href":"org.ow2.proactive.scheduler.common.exception.html","topicHref":"org.ow2.proactive.scheduler.common.exception.html","topicUid":"org.ow2.proactive.scheduler.common.exception","items":[{"name":"AccessRightException","href":"org.ow2.proactive.scheduler.common.exception.AccessRightException.html","topicHref":"org.ow2.proactive.scheduler.common.exception.AccessRightException.html","topicUid":"org.ow2.proactive.scheduler.common.exception.AccessRightException"},{"name":"AlreadyConnectedException","href":"org.ow2.proactive.scheduler.common.exception.AlreadyConnectedException.html","topicHref":"org.ow2.proactive.scheduler.common.exception.AlreadyConnectedException.html","topicUid":"org.ow2.proactive.scheduler.common.exception.AlreadyConnectedException"},{"name":"ConnectionException","href":"org.ow2.proactive.scheduler.common.exception.ConnectionException.html","topicHref":"org.ow2.proactive.scheduler.common.exception.ConnectionException.html","topicUid":"org.ow2.proactive.scheduler.common.exception.ConnectionException"},{"name":"DependenceFailedException","href":"org.ow2.proactive.scheduler.common.exception.DependenceFailedException.html","topicHref":"org.ow2.proactive.scheduler.common.exception.DependenceFailedException.html","topicUid":"org.ow2.proactive.scheduler.common.exception.DependenceFailedException"},{"name":"ExecutableCreationException","href":"org.ow2.proactive.scheduler.common.exception.ExecutableCreationException.html","topicHref":"org.ow2.proactive.scheduler.common.exception.ExecutableCreationException.html","topicUid":"org.ow2.proactive.scheduler.common.exception.ExecutableCreationException"},{"name":"InternalException","href":"org.ow2.proactive.scheduler.common.exception.InternalException.html","topicHref":"org.ow2.proactive.scheduler.common.exception.InternalException.html","topicUid":"org.ow2.proactive.scheduler.common.exception.InternalException"},{"name":"InternalSchedulerException","href":"org.ow2.proactive.scheduler.common.exception.InternalSchedulerException.html","topicHref":"org.ow2.proactive.scheduler.common.exception.InternalSchedulerException.html","topicUid":"org.ow2.proactive.scheduler.common.exception.InternalSchedulerException"},{"name":"JobAlreadyFinishedException","href":"org.ow2.proactive.scheduler.common.exception.JobAlreadyFinishedException.html","topicHref":"org.ow2.proactive.scheduler.common.exception.JobAlreadyFinishedException.html","topicUid":"org.ow2.proactive.scheduler.common.exception.JobAlreadyFinishedException"},{"name":"JobCreationException","href":"org.ow2.proactive.scheduler.common.exception.JobCreationException.html","topicHref":"org.ow2.proactive.scheduler.common.exception.JobCreationException.html","topicUid":"org.ow2.proactive.scheduler.common.exception.JobCreationException"},{"name":"JobValidationException","href":"org.ow2.proactive.scheduler.common.exception.JobValidationException.html","topicHref":"org.ow2.proactive.scheduler.common.exception.JobValidationException.html","topicUid":"org.ow2.proactive.scheduler.common.exception.JobValidationException"},{"name":"MaxJobIdReachedException","href":"org.ow2.proactive.scheduler.common.exception.MaxJobIdReachedException.html","topicHref":"org.ow2.proactive.scheduler.common.exception.MaxJobIdReachedException.html","topicUid":"org.ow2.proactive.scheduler.common.exception.MaxJobIdReachedException"},{"name":"NotConnectedException","href":"org.ow2.proactive.scheduler.common.exception.NotConnectedException.html","topicHref":"org.ow2.proactive.scheduler.common.exception.NotConnectedException.html","topicUid":"org.ow2.proactive.scheduler.common.exception.NotConnectedException"},{"name":"PermissionException","href":"org.ow2.proactive.scheduler.common.exception.PermissionException.html","topicHref":"org.ow2.proactive.scheduler.common.exception.PermissionException.html","topicUid":"org.ow2.proactive.scheduler.common.exception.PermissionException"},{"name":"SchedulerConfigurationException","href":"org.ow2.proactive.scheduler.common.exception.SchedulerConfigurationException.html","topicHref":"org.ow2.proactive.scheduler.common.exception.SchedulerConfigurationException.html","topicUid":"org.ow2.proactive.scheduler.common.exception.SchedulerConfigurationException"},{"name":"SchedulerException","href":"org.ow2.proactive.scheduler.common.exception.SchedulerException.html","topicHref":"org.ow2.proactive.scheduler.common.exception.SchedulerException.html","topicUid":"org.ow2.proactive.scheduler.common.exception.SchedulerException"},{"name":"SubmissionClosedException","href":"org.ow2.proactive.scheduler.common.exception.SubmissionClosedException.html","topicHref":"org.ow2.proactive.scheduler.common.exception.SubmissionClosedException.html","topicUid":"org.ow2.proactive.scheduler.common.exception.SubmissionClosedException"},{"name":"TaskAbortedException","href":"org.ow2.proactive.scheduler.common.exception.TaskAbortedException.html","topicHref":"org.ow2.proactive.scheduler.common.exception.TaskAbortedException.html","topicUid":"org.ow2.proactive.scheduler.common.exception.TaskAbortedException"},{"name":"TaskCouldNotRestartException","href":"org.ow2.proactive.scheduler.common.exception.TaskCouldNotRestartException.html","topicHref":"org.ow2.proactive.scheduler.common.exception.TaskCouldNotRestartException.html","topicUid":"org.ow2.proactive.scheduler.common.exception.TaskCouldNotRestartException"},{"name":"TaskCouldNotStartException","href":"org.ow2.proactive.scheduler.common.exception.TaskCouldNotStartException.html","topicHref":"org.ow2.proactive.scheduler.common.exception.TaskCouldNotStartException.html","topicUid":"org.ow2.proactive.scheduler.common.exception.TaskCouldNotStartException"},{"name":"TaskPreemptedException","href":"org.ow2.proactive.scheduler.common.exception.TaskPreemptedException.html","topicHref":"org.ow2.proactive.scheduler.common.exception.TaskPreemptedException.html","topicUid":"org.ow2.proactive.scheduler.common.exception.TaskPreemptedException"},{"name":"TaskRestartedException","href":"org.ow2.proactive.scheduler.common.exception.TaskRestartedException.html","topicHref":"org.ow2.proactive.scheduler.common.exception.TaskRestartedException.html","topicUid":"org.ow2.proactive.scheduler.common.exception.TaskRestartedException"},{"name":"TaskSkippedException","href":"org.ow2.proactive.scheduler.common.exception.TaskSkippedException.html","topicHref":"org.ow2.proactive.scheduler.common.exception.TaskSkippedException.html","topicUid":"org.ow2.proactive.scheduler.common.exception.TaskSkippedException"},{"name":"UnknownJobException","href":"org.ow2.proactive.scheduler.common.exception.UnknownJobException.html","topicHref":"org.ow2.proactive.scheduler.common.exception.UnknownJobException.html","topicUid":"org.ow2.proactive.scheduler.common.exception.UnknownJobException"},{"name":"UnknownTaskException","href":"org.ow2.proactive.scheduler.common.exception.UnknownTaskException.html","topicHref":"org.ow2.proactive.scheduler.common.exception.UnknownTaskException.html","topicUid":"org.ow2.proactive.scheduler.common.exception.UnknownTaskException"},{"name":"UserException","href":"org.ow2.proactive.scheduler.common.exception.UserException.html","topicHref":"org.ow2.proactive.scheduler.common.exception.UserException.html","topicUid":"org.ow2.proactive.scheduler.common.exception.UserException"},{"name":"WalltimeExceededException","href":"org.ow2.proactive.scheduler.common.exception.WalltimeExceededException.html","topicHref":"org.ow2.proactive.scheduler.common.exception.WalltimeExceededException.html","topicUid":"org.ow2.proactive.scheduler.common.exception.WalltimeExceededException"}]},{"name":"org.ow2.proactive.scheduler.common.job","href":"org.ow2.proactive.scheduler.common.job.html","topicHref":"org.ow2.proactive.scheduler.common.job.html","topicUid":"org.ow2.proactive.scheduler.common.job","items":[{"name":"Job","href":"org.ow2.proactive.scheduler.common.job.Job.html","topicHref":"org.ow2.proactive.scheduler.common.job.Job.html","topicUid":"org.ow2.proactive.scheduler.common.job.Job"},{"name":"JobId","href":"org.ow2.proactive.scheduler.common.job.JobId.html","topicHref":"org.ow2.proactive.scheduler.common.job.JobId.html","topicUid":"org.ow2.proactive.scheduler.common.job.JobId"},{"name":"JobPriority","href":"org.ow2.proactive.scheduler.common.job.JobPriority.html","topicHref":"org.ow2.proactive.scheduler.common.job.JobPriority.html","topicUid":"org.ow2.proactive.scheduler.common.job.JobPriority"},{"name":"JobPriority.InnerEnum","href":"org.ow2.proactive.scheduler.common.job.JobPriority.InnerEnum.html","topicHref":"org.ow2.proactive.scheduler.common.job.JobPriority.InnerEnum.html","topicUid":"org.ow2.proactive.scheduler.common.job.JobPriority.InnerEnum"},{"name":"JobType","href":"org.ow2.proactive.scheduler.common.job.JobType.html","topicHref":"org.ow2.proactive.scheduler.common.job.JobType.html","topicUid":"org.ow2.proactive.scheduler.common.job.JobType"},{"name":"JobType.InnerEnum","href":"org.ow2.proactive.scheduler.common.job.JobType.InnerEnum.html","topicHref":"org.ow2.proactive.scheduler.common.job.JobType.InnerEnum.html","topicUid":"org.ow2.proactive.scheduler.common.job.JobType.InnerEnum"},{"name":"JobVariable","href":"org.ow2.proactive.scheduler.common.job.JobVariable.html","topicHref":"org.ow2.proactive.scheduler.common.job.JobVariable.html","topicUid":"org.ow2.proactive.scheduler.common.job.JobVariable"},{"name":"TaskFlowJob","href":"org.ow2.proactive.scheduler.common.job.TaskFlowJob.html","topicHref":"org.ow2.proactive.scheduler.common.job.TaskFlowJob.html","topicUid":"org.ow2.proactive.scheduler.common.job.TaskFlowJob"},{"name":"UserIdentification","href":"org.ow2.proactive.scheduler.common.job.UserIdentification.html","topicHref":"org.ow2.proactive.scheduler.common.job.UserIdentification.html","topicUid":"org.ow2.proactive.scheduler.common.job.UserIdentification"}]},{"name":"org.ow2.proactive.scheduler.common.job.factories","href":"org.ow2.proactive.scheduler.common.job.factories.html","topicHref":"org.ow2.proactive.scheduler.common.job.factories.html","topicUid":"org.ow2.proactive.scheduler.common.job.factories","items":[{"name":"FlatJobFactory","href":"org.ow2.proactive.scheduler.common.job.factories.FlatJobFactory.html","topicHref":"org.ow2.proactive.scheduler.common.job.factories.FlatJobFactory.html","topicUid":"org.ow2.proactive.scheduler.common.job.factories.FlatJobFactory"},{"name":"Job2XMLTransformer","href":"org.ow2.proactive.scheduler.common.job.factories.Job2XMLTransformer.html","topicHref":"org.ow2.proactive.scheduler.common.job.factories.Job2XMLTransformer.html","topicUid":"org.ow2.proactive.scheduler.common.job.factories.Job2XMLTransformer"},{"name":"Schemas","href":"org.ow2.proactive.scheduler.common.job.factories.Schemas.html","topicHref":"org.ow2.proactive.scheduler.common.job.factories.Schemas.html","topicUid":"org.ow2.proactive.scheduler.common.job.factories.Schemas"},{"name":"Schemas.InnerEnum","href":"org.ow2.proactive.scheduler.common.job.factories.Schemas.InnerEnum.html","topicHref":"org.ow2.proactive.scheduler.common.job.factories.Schemas.InnerEnum.html","topicUid":"org.ow2.proactive.scheduler.common.job.factories.Schemas.InnerEnum"},{"name":"XMLAttributes","href":"org.ow2.proactive.scheduler.common.job.factories.XMLAttributes.html","topicHref":"org.ow2.proactive.scheduler.common.job.factories.XMLAttributes.html","topicUid":"org.ow2.proactive.scheduler.common.job.factories.XMLAttributes"},{"name":"XMLAttributes.InnerEnum","href":"org.ow2.proactive.scheduler.common.job.factories.XMLAttributes.InnerEnum.html","topicHref":"org.ow2.proactive.scheduler.common.job.factories.XMLAttributes.InnerEnum.html","topicUid":"org.ow2.proactive.scheduler.common.job.factories.XMLAttributes.InnerEnum"},{"name":"XMLTags","href":"org.ow2.proactive.scheduler.common.job.factories.XMLTags.html","topicHref":"org.ow2.proactive.scheduler.common.job.factories.XMLTags.html","topicUid":"org.ow2.proactive.scheduler.common.job.factories.XMLTags"},{"name":"XMLTags.InnerEnum","href":"org.ow2.proactive.scheduler.common.job.factories.XMLTags.InnerEnum.html","topicHref":"org.ow2.proactive.scheduler.common.job.factories.XMLTags.InnerEnum.html","topicUid":"org.ow2.proactive.scheduler.common.job.factories.XMLTags.InnerEnum"}]},{"name":"org.ow2.proactive.scheduler.common.task","href":"org.ow2.proactive.scheduler.common.task.html","topicHref":"org.ow2.proactive.scheduler.common.task.html","topicUid":"org.ow2.proactive.scheduler.common.task","items":[{"name":"CommonAttribute","href":"org.ow2.proactive.scheduler.common.task.CommonAttribute.html","topicHref":"org.ow2.proactive.scheduler.common.task.CommonAttribute.html","topicUid":"org.ow2.proactive.scheduler.common.task.CommonAttribute"},{"name":"ForkEnvironment","href":"org.ow2.proactive.scheduler.common.task.ForkEnvironment.html","topicHref":"org.ow2.proactive.scheduler.common.task.ForkEnvironment.html","topicUid":"org.ow2.proactive.scheduler.common.task.ForkEnvironment"},{"name":"NativeTask","href":"org.ow2.proactive.scheduler.common.task.NativeTask.html","topicHref":"org.ow2.proactive.scheduler.common.task.NativeTask.html","topicUid":"org.ow2.proactive.scheduler.common.task.NativeTask"},{"name":"OnTaskError","href":"org.ow2.proactive.scheduler.common.task.OnTaskError.html","topicHref":"org.ow2.proactive.scheduler.common.task.OnTaskError.html","topicUid":"org.ow2.proactive.scheduler.common.task.OnTaskError"},{"name":"ParallelEnvironment","href":"org.ow2.proactive.scheduler.common.task.ParallelEnvironment.html","topicHref":"org.ow2.proactive.scheduler.common.task.ParallelEnvironment.html","topicUid":"org.ow2.proactive.scheduler.common.task.ParallelEnvironment"},{"name":"PropertyModifier","href":"org.ow2.proactive.scheduler.common.task.PropertyModifier.html","topicHref":"org.ow2.proactive.scheduler.common.task.PropertyModifier.html","topicUid":"org.ow2.proactive.scheduler.common.task.PropertyModifier"},{"name":"RestartMode","href":"org.ow2.proactive.scheduler.common.task.RestartMode.html","topicHref":"org.ow2.proactive.scheduler.common.task.RestartMode.html","topicUid":"org.ow2.proactive.scheduler.common.task.RestartMode"},{"name":"ScriptTask","href":"org.ow2.proactive.scheduler.common.task.ScriptTask.html","topicHref":"org.ow2.proactive.scheduler.common.task.ScriptTask.html","topicUid":"org.ow2.proactive.scheduler.common.task.ScriptTask"},{"name":"Task","href":"org.ow2.proactive.scheduler.common.task.Task.html","topicHref":"org.ow2.proactive.scheduler.common.task.Task.html","topicUid":"org.ow2.proactive.scheduler.common.task.Task"},{"name":"TaskId","href":"org.ow2.proactive.scheduler.common.task.TaskId.html","topicHref":"org.ow2.proactive.scheduler.common.task.TaskId.html","topicUid":"org.ow2.proactive.scheduler.common.task.TaskId"},{"name":"TaskProgress","href":"org.ow2.proactive.scheduler.common.task.TaskProgress.html","topicHref":"org.ow2.proactive.scheduler.common.task.TaskProgress.html","topicUid":"org.ow2.proactive.scheduler.common.task.TaskProgress"},{"name":"TaskVariable","href":"org.ow2.proactive.scheduler.common.task.TaskVariable.html","topicHref":"org.ow2.proactive.scheduler.common.task.TaskVariable.html","topicUid":"org.ow2.proactive.scheduler.common.task.TaskVariable"},{"name":"UpdatableProperties<T>","href":"org.ow2.proactive.scheduler.common.task.UpdatableProperties-1.html","topicHref":"org.ow2.proactive.scheduler.common.task.UpdatableProperties-1.html","topicUid":"org.ow2.proactive.scheduler.common.task.UpdatableProperties`1","name.vb":"UpdatableProperties(Of T)"}]},{"name":"org.ow2.proactive.scheduler.common.task.dataspaces","href":"org.ow2.proactive.scheduler.common.task.dataspaces.html","topicHref":"org.ow2.proactive.scheduler.common.task.dataspaces.html","topicUid":"org.ow2.proactive.scheduler.common.task.dataspaces","items":[{"name":"FileSystemException","href":"org.ow2.proactive.scheduler.common.task.dataspaces.FileSystemException.html","topicHref":"org.ow2.proactive.scheduler.common.task.dataspaces.FileSystemException.html","topicUid":"org.ow2.proactive.scheduler.common.task.dataspaces.FileSystemException"},{"name":"InputAccessMode","href":"org.ow2.proactive.scheduler.common.task.dataspaces.InputAccessMode.html","topicHref":"org.ow2.proactive.scheduler.common.task.dataspaces.InputAccessMode.html","topicUid":"org.ow2.proactive.scheduler.common.task.dataspaces.InputAccessMode"},{"name":"InputAccessMode.InnerEnum","href":"org.ow2.proactive.scheduler.common.task.dataspaces.InputAccessMode.InnerEnum.html","topicHref":"org.ow2.proactive.scheduler.common.task.dataspaces.InputAccessMode.InnerEnum.html","topicUid":"org.ow2.proactive.scheduler.common.task.dataspaces.InputAccessMode.InnerEnum"},{"name":"InputSelector","href":"org.ow2.proactive.scheduler.common.task.dataspaces.InputSelector.html","topicHref":"org.ow2.proactive.scheduler.common.task.dataspaces.InputSelector.html","topicUid":"org.ow2.proactive.scheduler.common.task.dataspaces.InputSelector"},{"name":"LocalSpace","href":"org.ow2.proactive.scheduler.common.task.dataspaces.LocalSpace.html","topicHref":"org.ow2.proactive.scheduler.common.task.dataspaces.LocalSpace.html","topicUid":"org.ow2.proactive.scheduler.common.task.dataspaces.LocalSpace"},{"name":"OutputAccessMode","href":"org.ow2.proactive.scheduler.common.task.dataspaces.OutputAccessMode.html","topicHref":"org.ow2.proactive.scheduler.common.task.dataspaces.OutputAccessMode.html","topicUid":"org.ow2.proactive.scheduler.common.task.dataspaces.OutputAccessMode"},{"name":"OutputAccessMode.InnerEnum","href":"org.ow2.proactive.scheduler.common.task.dataspaces.OutputAccessMode.InnerEnum.html","topicHref":"org.ow2.proactive.scheduler.common.task.dataspaces.OutputAccessMode.InnerEnum.html","topicUid":"org.ow2.proactive.scheduler.common.task.dataspaces.OutputAccessMode.InnerEnum"},{"name":"OutputSelector","href":"org.ow2.proactive.scheduler.common.task.dataspaces.OutputSelector.html","topicHref":"org.ow2.proactive.scheduler.common.task.dataspaces.OutputSelector.html","topicUid":"org.ow2.proactive.scheduler.common.task.dataspaces.OutputSelector"},{"name":"RemoteSpace","href":"org.ow2.proactive.scheduler.common.task.dataspaces.RemoteSpace.html","topicHref":"org.ow2.proactive.scheduler.common.task.dataspaces.RemoteSpace.html","topicUid":"org.ow2.proactive.scheduler.common.task.dataspaces.RemoteSpace"}]},{"name":"org.ow2.proactive.scheduler.common.task.flow","href":"org.ow2.proactive.scheduler.common.task.flow.html","topicHref":"org.ow2.proactive.scheduler.common.task.flow.html","topicUid":"org.ow2.proactive.scheduler.common.task.flow","items":[{"name":"FlowAction","href":"org.ow2.proactive.scheduler.common.task.flow.FlowAction.html","topicHref":"org.ow2.proactive.scheduler.common.task.flow.FlowAction.html","topicUid":"org.ow2.proactive.scheduler.common.task.flow.FlowAction"},{"name":"FlowActionType","href":"org.ow2.proactive.scheduler.common.task.flow.FlowActionType.html","topicHref":"org.ow2.proactive.scheduler.common.task.flow.FlowActionType.html","topicUid":"org.ow2.proactive.scheduler.common.task.flow.FlowActionType"},{"name":"FlowActionType.InnerEnum","href":"org.ow2.proactive.scheduler.common.task.flow.FlowActionType.InnerEnum.html","topicHref":"org.ow2.proactive.scheduler.common.task.flow.FlowActionType.InnerEnum.html","topicUid":"org.ow2.proactive.scheduler.common.task.flow.FlowActionType.InnerEnum"},{"name":"FlowBlock","href":"org.ow2.proactive.scheduler.common.task.flow.FlowBlock.html","topicHref":"org.ow2.proactive.scheduler.common.task.flow.FlowBlock.html","topicUid":"org.ow2.proactive.scheduler.common.task.flow.FlowBlock"},{"name":"FlowBlock.InnerEnum","href":"org.ow2.proactive.scheduler.common.task.flow.FlowBlock.InnerEnum.html","topicHref":"org.ow2.proactive.scheduler.common.task.flow.FlowBlock.InnerEnum.html","topicUid":"org.ow2.proactive.scheduler.common.task.flow.FlowBlock.InnerEnum"},{"name":"FlowScript","href":"org.ow2.proactive.scheduler.common.task.flow.FlowScript.html","topicHref":"org.ow2.proactive.scheduler.common.task.flow.FlowScript.html","topicUid":"org.ow2.proactive.scheduler.common.task.flow.FlowScript"}]},{"name":"org.ow2.proactive.scheduler.common.task.util","href":"org.ow2.proactive.scheduler.common.task.util.html","topicHref":"org.ow2.proactive.scheduler.common.task.util.html","topicUid":"org.ow2.proactive.scheduler.common.task.util","items":[{"name":"BooleanWrapper","href":"org.ow2.proactive.scheduler.common.task.util.BooleanWrapper.html","topicHref":"org.ow2.proactive.scheduler.common.task.util.BooleanWrapper.html","topicUid":"org.ow2.proactive.scheduler.common.task.util.BooleanWrapper"},{"name":"ByteArrayWrapper","href":"org.ow2.proactive.scheduler.common.task.util.ByteArrayWrapper.html","topicHref":"org.ow2.proactive.scheduler.common.task.util.ByteArrayWrapper.html","topicUid":"org.ow2.proactive.scheduler.common.task.util.ByteArrayWrapper"},{"name":"IntegerWrapper","href":"org.ow2.proactive.scheduler.common.task.util.IntegerWrapper.html","topicHref":"org.ow2.proactive.scheduler.common.task.util.IntegerWrapper.html","topicUid":"org.ow2.proactive.scheduler.common.task.util.IntegerWrapper"},{"name":"LongWrapper","href":"org.ow2.proactive.scheduler.common.task.util.LongWrapper.html","topicHref":"org.ow2.proactive.scheduler.common.task.util.LongWrapper.html","topicUid":"org.ow2.proactive.scheduler.common.task.util.LongWrapper"}]},{"name":"org.ow2.proactive.scheduler.common.usage","href":"org.ow2.proactive.scheduler.common.usage.html","topicHref":"org.ow2.proactive.scheduler.common.usage.html","topicUid":"org.ow2.proactive.scheduler.common.usage","items":[{"name":"JobUsage","href":"org.ow2.proactive.scheduler.common.usage.JobUsage.html","topicHref":"org.ow2.proactive.scheduler.common.usage.JobUsage.html","topicUid":"org.ow2.proactive.scheduler.common.usage.JobUsage"},{"name":"SchedulerUsage","href":"org.ow2.proactive.scheduler.common.usage.SchedulerUsage.html","topicHref":"org.ow2.proactive.scheduler.common.usage.SchedulerUsage.html","topicUid":"org.ow2.proactive.scheduler.common.usage.SchedulerUsage"},{"name":"TaskUsage","href":"org.ow2.proactive.scheduler.common.usage.TaskUsage.html","topicHref":"org.ow2.proactive.scheduler.common.usage.TaskUsage.html","topicUid":"org.ow2.proactive.scheduler.common.usage.TaskUsage"}]},{"name":"org.ow2.proactive.scheduler.common.util","href":"org.ow2.proactive.scheduler.common.util.html","topicHref":"org.ow2.proactive.scheduler.common.util.html","topicUid":"org.ow2.proactive.scheduler.common.util","items":[{"name":"LogFormatter","href":"org.ow2.proactive.scheduler.common.util.LogFormatter.html","topicHref":"org.ow2.proactive.scheduler.common.util.LogFormatter.html","topicUid":"org.ow2.proactive.scheduler.common.util.LogFormatter"},{"name":"PageBoundaries","href":"org.ow2.proactive.scheduler.common.util.PageBoundaries.html","topicHref":"org.ow2.proactive.scheduler.common.util.PageBoundaries.html","topicUid":"org.ow2.proactive.scheduler.common.util.PageBoundaries"},{"name":"Pagination","href":"org.ow2.proactive.scheduler.common.util.Pagination.html","topicHref":"org.ow2.proactive.scheduler.common.util.Pagination.html","topicUid":"org.ow2.proactive.scheduler.common.util.Pagination"},{"name":"RegexpMatcher","href":"org.ow2.proactive.scheduler.common.util.RegexpMatcher.html","topicHref":"org.ow2.proactive.scheduler.common.util.RegexpMatcher.html","topicUid":"org.ow2.proactive.scheduler.common.util.RegexpMatcher"},{"name":"TaskLoggerRelativePathGenerator","href":"org.ow2.proactive.scheduler.common.util.TaskLoggerRelativePathGenerator.html","topicHref":"org.ow2.proactive.scheduler.common.util.TaskLoggerRelativePathGenerator.html","topicUid":"org.ow2.proactive.scheduler.common.util.TaskLoggerRelativePathGenerator"},{"name":"VariableSubstitutor","href":"org.ow2.proactive.scheduler.common.util.VariableSubstitutor.html","topicHref":"org.ow2.proactive.scheduler.common.util.VariableSubstitutor.html","topicUid":"org.ow2.proactive.scheduler.common.util.VariableSubstitutor"}]},{"name":"org.ow2.proactive.scheduler.common.util.logforwarder","href":"org.ow2.proactive.scheduler.common.util.logforwarder.html","topicHref":"org.ow2.proactive.scheduler.common.util.logforwarder.html","topicUid":"org.ow2.proactive.scheduler.common.util.logforwarder","items":[{"name":"LogForwardingException","href":"org.ow2.proactive.scheduler.common.util.logforwarder.LogForwardingException.html","topicHref":"org.ow2.proactive.scheduler.common.util.logforwarder.LogForwardingException.html","topicUid":"org.ow2.proactive.scheduler.common.util.logforwarder.LogForwardingException"}]},{"name":"org.ow2.proactive.scheduler.common.util.text","href":"org.ow2.proactive.scheduler.common.util.text.html","topicHref":"org.ow2.proactive.scheduler.common.util.text.html","topicUid":"org.ow2.proactive.scheduler.common.util.text","items":[{"name":"StrLookup","href":"org.ow2.proactive.scheduler.common.util.text.StrLookup.html","topicHref":"org.ow2.proactive.scheduler.common.util.text.StrLookup.html","topicUid":"org.ow2.proactive.scheduler.common.util.text.StrLookup"},{"name":"StrMatcher","href":"org.ow2.proactive.scheduler.common.util.text.StrMatcher.html","topicHref":"org.ow2.proactive.scheduler.common.util.text.StrMatcher.html","topicUid":"org.ow2.proactive.scheduler.common.util.text.StrMatcher"},{"name":"StrSubstitutor","href":"org.ow2.proactive.scheduler.common.util.text.StrSubstitutor.html","topicHref":"org.ow2.proactive.scheduler.common.util.text.StrSubstitutor.html","topicUid":"org.ow2.proactive.scheduler.common.util.text.StrSubstitutor"},{"name":"StrTokenizer","href":"org.ow2.proactive.scheduler.common.util.text.StrTokenizer.html","topicHref":"org.ow2.proactive.scheduler.common.util.text.StrTokenizer.html","topicUid":"org.ow2.proactive.scheduler.common.util.text.StrTokenizer"}]},{"name":"org.ow2.proactive.scheduler.job","href":"org.ow2.proactive.scheduler.job.html","topicHref":"org.ow2.proactive.scheduler.job.html","topicUid":"org.ow2.proactive.scheduler.job","items":[{"name":"JobIdImpl","href":"org.ow2.proactive.scheduler.job.JobIdImpl.html","topicHref":"org.ow2.proactive.scheduler.job.JobIdImpl.html","topicUid":"org.ow2.proactive.scheduler.job.JobIdImpl"},{"name":"SchedulerUserInfo","href":"org.ow2.proactive.scheduler.job.SchedulerUserInfo.html","topicHref":"org.ow2.proactive.scheduler.job.SchedulerUserInfo.html","topicUid":"org.ow2.proactive.scheduler.job.SchedulerUserInfo"}]},{"name":"org.ow2.proactive.scheduler.synchronization","href":"org.ow2.proactive.scheduler.synchronization.html","topicHref":"org.ow2.proactive.scheduler.synchronization.html","topicUid":"org.ow2.proactive.scheduler.synchronization","items":[{"name":"ClosureEvaluationException","href":"org.ow2.proactive.scheduler.synchronization.ClosureEvaluationException.html","topicHref":"org.ow2.proactive.scheduler.synchronization.ClosureEvaluationException.html","topicUid":"org.ow2.proactive.scheduler.synchronization.ClosureEvaluationException"},{"name":"CompilationException","href":"org.ow2.proactive.scheduler.synchronization.CompilationException.html","topicHref":"org.ow2.proactive.scheduler.synchronization.CompilationException.html","topicUid":"org.ow2.proactive.scheduler.synchronization.CompilationException"},{"name":"InvalidChannelException","href":"org.ow2.proactive.scheduler.synchronization.InvalidChannelException.html","topicHref":"org.ow2.proactive.scheduler.synchronization.InvalidChannelException.html","topicUid":"org.ow2.proactive.scheduler.synchronization.InvalidChannelException"}]},{"name":"org.ow2.proactive.scheduler.task","href":"org.ow2.proactive.scheduler.task.html","topicHref":"org.ow2.proactive.scheduler.task.html","topicUid":"org.ow2.proactive.scheduler.task","items":[{"name":"SchedulerVars","href":"org.ow2.proactive.scheduler.task.SchedulerVars.html","topicHref":"org.ow2.proactive.scheduler.task.SchedulerVars.html","topicUid":"org.ow2.proactive.scheduler.task.SchedulerVars"},{"name":"TaskIdImpl","href":"org.ow2.proactive.scheduler.task.TaskIdImpl.html","topicHref":"org.ow2.proactive.scheduler.task.TaskIdImpl.html","topicUid":"org.ow2.proactive.scheduler.task.TaskIdImpl"}]},{"name":"org.ow2.proactive.scripting","href":"org.ow2.proactive.scripting.html","topicHref":"org.ow2.proactive.scripting.html","topicUid":"org.ow2.proactive.scripting","items":[{"name":"ForkEnvironmentScript","href":"org.ow2.proactive.scripting.ForkEnvironmentScript.html","topicHref":"org.ow2.proactive.scripting.ForkEnvironmentScript.html","topicUid":"org.ow2.proactive.scripting.ForkEnvironmentScript"},{"name":"ForkEnvironmentScriptResult","href":"org.ow2.proactive.scripting.ForkEnvironmentScriptResult.html","topicHref":"org.ow2.proactive.scripting.ForkEnvironmentScriptResult.html","topicUid":"org.ow2.proactive.scripting.ForkEnvironmentScriptResult"},{"name":"InvalidScriptException","href":"org.ow2.proactive.scripting.InvalidScriptException.html","topicHref":"org.ow2.proactive.scripting.InvalidScriptException.html","topicUid":"org.ow2.proactive.scripting.InvalidScriptException"},{"name":"Script<E>","href":"org.ow2.proactive.scripting.Script-1.html","topicHref":"org.ow2.proactive.scripting.Script-1.html","topicUid":"org.ow2.proactive.scripting.Script`1","name.vb":"Script(Of E)"},{"name":"ScriptException","href":"org.ow2.proactive.scripting.ScriptException.html","topicHref":"org.ow2.proactive.scripting.ScriptException.html","topicUid":"org.ow2.proactive.scripting.ScriptException"},{"name":"ScriptResult<E>","href":"org.ow2.proactive.scripting.ScriptResult-1.html","topicHref":"org.ow2.proactive.scripting.ScriptResult-1.html","topicUid":"org.ow2.proactive.scripting.ScriptResult`1","name.vb":"ScriptResult(Of E)"},{"name":"SelectionScript","href":"org.ow2.proactive.scripting.SelectionScript.html","topicHref":"org.ow2.proactive.scripting.SelectionScript.html","topicUid":"org.ow2.proactive.scripting.SelectionScript"},{"name":"SimpleScript","href":"org.ow2.proactive.scripting.SimpleScript.html","topicHref":"org.ow2.proactive.scripting.SimpleScript.html","topicUid":"org.ow2.proactive.scripting.SimpleScript"},{"name":"TaskScript","href":"org.ow2.proactive.scripting.TaskScript.html","topicHref":"org.ow2.proactive.scripting.TaskScript.html","topicUid":"org.ow2.proactive.scripting.TaskScript"}]},{"name":"org.ow2.proactive.scripting.helper.forkenvironment","href":"org.ow2.proactive.scripting.helper.forkenvironment.html","topicHref":"org.ow2.proactive.scripting.helper.forkenvironment.html","topicUid":"org.ow2.proactive.scripting.helper.forkenvironment","items":[{"name":"ForkEnvironmentScriptResultExtractor","href":"org.ow2.proactive.scripting.helper.forkenvironment.ForkEnvironmentScriptResultExtractor.html","topicHref":"org.ow2.proactive.scripting.helper.forkenvironment.ForkEnvironmentScriptResultExtractor.html","topicUid":"org.ow2.proactive.scripting.helper.forkenvironment.ForkEnvironmentScriptResultExtractor"}]},{"name":"org.ow2.proactive.scripting.helper.selection","href":"org.ow2.proactive.scripting.helper.selection.html","topicHref":"org.ow2.proactive.scripting.helper.selection.html","topicUid":"org.ow2.proactive.scripting.helper.selection","items":[{"name":"Condition","href":"org.ow2.proactive.scripting.helper.selection.Condition.html","topicHref":"org.ow2.proactive.scripting.helper.selection.Condition.html","topicUid":"org.ow2.proactive.scripting.helper.selection.Condition"},{"name":"Conditions","href":"org.ow2.proactive.scripting.helper.selection.Conditions.html","topicHref":"org.ow2.proactive.scripting.helper.selection.Conditions.html","topicUid":"org.ow2.proactive.scripting.helper.selection.Conditions"}]},{"name":"org.ow2.proactive.topology.descriptor","href":"org.ow2.proactive.topology.descriptor.html","topicHref":"org.ow2.proactive.topology.descriptor.html","topicUid":"org.ow2.proactive.topology.descriptor","items":[{"name":"ArbitraryTopologyDescriptor","href":"org.ow2.proactive.topology.descriptor.ArbitraryTopologyDescriptor.html","topicHref":"org.ow2.proactive.topology.descriptor.ArbitraryTopologyDescriptor.html","topicUid":"org.ow2.proactive.topology.descriptor.ArbitraryTopologyDescriptor"},{"name":"BestProximityDescriptor","href":"org.ow2.proactive.topology.descriptor.BestProximityDescriptor.html","topicHref":"org.ow2.proactive.topology.descriptor.BestProximityDescriptor.html","topicUid":"org.ow2.proactive.topology.descriptor.BestProximityDescriptor"},{"name":"DifferentHostsExclusiveDescriptor","href":"org.ow2.proactive.topology.descriptor.DifferentHostsExclusiveDescriptor.html","topicHref":"org.ow2.proactive.topology.descriptor.DifferentHostsExclusiveDescriptor.html","topicUid":"org.ow2.proactive.topology.descriptor.DifferentHostsExclusiveDescriptor"},{"name":"DistanceFunction","href":"org.ow2.proactive.topology.descriptor.DistanceFunction.html","topicHref":"org.ow2.proactive.topology.descriptor.DistanceFunction.html","topicUid":"org.ow2.proactive.topology.descriptor.DistanceFunction"},{"name":"MultipleHostsExclusiveDescriptor","href":"org.ow2.proactive.topology.descriptor.MultipleHostsExclusiveDescriptor.html","topicHref":"org.ow2.proactive.topology.descriptor.MultipleHostsExclusiveDescriptor.html","topicUid":"org.ow2.proactive.topology.descriptor.MultipleHostsExclusiveDescriptor"},{"name":"SingleHostDescriptor","href":"org.ow2.proactive.topology.descriptor.SingleHostDescriptor.html","topicHref":"org.ow2.proactive.topology.descriptor.SingleHostDescriptor.html","topicUid":"org.ow2.proactive.topology.descriptor.SingleHostDescriptor"},{"name":"SingleHostExclusiveDescriptor","href":"org.ow2.proactive.topology.descriptor.SingleHostExclusiveDescriptor.html","topicHref":"org.ow2.proactive.topology.descriptor.SingleHostExclusiveDescriptor.html","topicUid":"org.ow2.proactive.topology.descriptor.SingleHostExclusiveDescriptor"},{"name":"ThresholdProximityDescriptor","href":"org.ow2.proactive.topology.descriptor.ThresholdProximityDescriptor.html","topicHref":"org.ow2.proactive.topology.descriptor.ThresholdProximityDescriptor.html","topicUid":"org.ow2.proactive.topology.descriptor.ThresholdProximityDescriptor"},{"name":"TopologyDescriptor","href":"org.ow2.proactive.topology.descriptor.TopologyDescriptor.html","topicHref":"org.ow2.proactive.topology.descriptor.TopologyDescriptor.html","topicUid":"org.ow2.proactive.topology.descriptor.TopologyDescriptor"}]},{"name":"org.ow2.proactive.utils","href":"org.ow2.proactive.utils.html","topicHref":"org.ow2.proactive.utils.html","topicUid":"org.ow2.proactive.utils","items":[{"name":"ObjectArrayFormatter","href":"org.ow2.proactive.utils.ObjectArrayFormatter.html","topicHref":"org.ow2.proactive.utils.ObjectArrayFormatter.html","topicUid":"org.ow2.proactive.utils.ObjectArrayFormatter"},{"name":"OperatingSystem","href":"org.ow2.proactive.utils.OperatingSystem.html","topicHref":"org.ow2.proactive.utils.OperatingSystem.html","topicUid":"org.ow2.proactive.utils.OperatingSystem"},{"name":"OperatingSystem.InnerEnum","href":"org.ow2.proactive.utils.OperatingSystem.InnerEnum.html","topicHref":"org.ow2.proactive.utils.OperatingSystem.InnerEnum.html","topicUid":"org.ow2.proactive.utils.OperatingSystem.InnerEnum"},{"name":"OperatingSystemFamily","href":"org.ow2.proactive.utils.OperatingSystemFamily.html","topicHref":"org.ow2.proactive.utils.OperatingSystemFamily.html","topicUid":"org.ow2.proactive.utils.OperatingSystemFamily"},{"name":"Tools","href":"org.ow2.proactive.utils.Tools.html","topicHref":"org.ow2.proactive.utils.Tools.html","topicUid":"org.ow2.proactive.utils.Tools"}]},{"name":"PWSClient","href":"PWSClient.html","topicHref":"PWSClient.html","topicUid":"PWSClient","items":[{"name":"JobIdData","href":"PWSClient.JobIdData.html","topicHref":"PWSClient.JobIdData.html","topicUid":"PWSClient.JobIdData"},{"name":"JobInfo","href":"PWSClient.JobInfo.html","topicHref":"PWSClient.JobInfo.html","topicUid":"PWSClient.JobInfo"},{"name":"JobPriorityData","href":"PWSClient.JobPriorityData.html","topicHref":"PWSClient.JobPriorityData.html","topicUid":"PWSClient.JobPriorityData"},{"name":"JobResult","href":"PWSClient.JobResult.html","topicHref":"PWSClient.JobResult.html","topicUid":"PWSClient.JobResult"},{"name":"JobState","href":"PWSClient.JobState.html","topicHref":"PWSClient.JobState.html","topicUid":"PWSClient.JobState"},{"name":"JobStatus","href":"PWSClient.JobStatus.html","topicHref":"PWSClient.JobStatus.html","topicUid":"PWSClient.JobStatus"},{"name":"ParallelEnvironmentData","href":"PWSClient.ParallelEnvironmentData.html","topicHref":"PWSClient.ParallelEnvironmentData.html","topicUid":"PWSClient.ParallelEnvironmentData"},{"name":"RestPage","href":"PWSClient.RestPage.html","topicHref":"PWSClient.RestPage.html","topicUid":"PWSClient.RestPage"},{"name":"SchedulerClient","href":"PWSClient.SchedulerClient.html","topicHref":"PWSClient.SchedulerClient.html","topicUid":"PWSClient.SchedulerClient"},{"name":"SchedulerStatus","href":"PWSClient.SchedulerStatus.html","topicHref":"PWSClient.SchedulerStatus.html","topicUid":"PWSClient.SchedulerStatus"},{"name":"TaskIdData","href":"PWSClient.TaskIdData.html","topicHref":"PWSClient.TaskIdData.html","topicUid":"PWSClient.TaskIdData"},{"name":"TaskInfo","href":"PWSClient.TaskInfo.html","topicHref":"PWSClient.TaskInfo.html","topicUid":"PWSClient.TaskInfo"},{"name":"TaskLogs","href":"PWSClient.TaskLogs.html","topicHref":"PWSClient.TaskLogs.html","topicUid":"PWSClient.TaskLogs"},{"name":"TaskResult","href":"PWSClient.TaskResult.html","topicHref":"PWSClient.TaskResult.html","topicUid":"PWSClient.TaskResult"},{"name":"TaskState","href":"PWSClient.TaskState.html","topicHref":"PWSClient.TaskState.html","topicUid":"PWSClient.TaskState"},{"name":"TaskStatus","href":"PWSClient.TaskStatus.html","topicHref":"PWSClient.TaskStatus.html","topicUid":"PWSClient.TaskStatus"},{"name":"UserJobData","href":"PWSClient.UserJobData.html","topicHref":"PWSClient.UserJobData.html","topicUid":"PWSClient.UserJobData"},{"name":"Version","href":"PWSClient.Version.html","topicHref":"PWSClient.Version.html","topicUid":"PWSClient.Version"}]},{"name":"PWSClient.Exceptions","href":"PWSClient.Exceptions.html","topicHref":"PWSClient.Exceptions.html","topicUid":"PWSClient.Exceptions","items":[{"name":"ExceptionMapper","href":"PWSClient.Exceptions.ExceptionMapper.html","topicHref":"PWSClient.Exceptions.ExceptionMapper.html","topicUid":"PWSClient.Exceptions.ExceptionMapper"},{"name":"JobAlreadyFinishedException","href":"PWSClient.Exceptions.JobAlreadyFinishedException.html","topicHref":"PWSClient.Exceptions.JobAlreadyFinishedException.html","topicUid":"PWSClient.Exceptions.JobAlreadyFinishedException"},{"name":"JobCreationException","href":"PWSClient.Exceptions.JobCreationException.html","topicHref":"PWSClient.Exceptions.JobCreationException.html","topicUid":"PWSClient.Exceptions.JobCreationException"},{"name":"LoginException","href":"PWSClient.Exceptions.LoginException.html","topicHref":"PWSClient.Exceptions.LoginException.html","topicUid":"PWSClient.Exceptions.LoginException"},{"name":"NotConnectedException","href":"PWSClient.Exceptions.NotConnectedException.html","topicHref":"PWSClient.Exceptions.NotConnectedException.html","topicUid":"PWSClient.Exceptions.NotConnectedException"},{"name":"PermissionException","href":"PWSClient.Exceptions.PermissionException.html","topicHref":"PWSClient.Exceptions.PermissionException.html","topicUid":"PWSClient.Exceptions.PermissionException"},{"name":"SchedulerException","href":"PWSClient.Exceptions.SchedulerException.html","topicHref":"PWSClient.Exceptions.SchedulerException.html","topicUid":"PWSClient.Exceptions.SchedulerException"},{"name":"SubmissionClosedException","href":"PWSClient.Exceptions.SubmissionClosedException.html","topicHref":"PWSClient.Exceptions.SubmissionClosedException.html","topicUid":"PWSClient.Exceptions.SubmissionClosedException"},{"name":"UnknownJobException","href":"PWSClient.Exceptions.UnknownJobException.html","topicHref":"PWSClient.Exceptions.UnknownJobException.html","topicUid":"PWSClient.Exceptions.UnknownJobException"},{"name":"UnknownTaskException","href":"PWSClient.Exceptions.UnknownTaskException.html","topicHref":"PWSClient.Exceptions.UnknownTaskException.html","topicUid":"PWSClient.Exceptions.UnknownTaskException"},{"name":"UserException","href":"PWSClient.Exceptions.UserException.html","topicHref":"PWSClient.Exceptions.UserException.html","topicUid":"PWSClient.Exceptions.UserException"}]},{"name":"RestSharp.Serializers","href":"RestSharp.Serializers.html","topicHref":"RestSharp.Serializers.html","topicUid":"RestSharp.Serializers","items":[{"name":"JsonSerializer","href":"RestSharp.Serializers.JsonSerializer.html","topicHref":"RestSharp.Serializers.JsonSerializer.html","topicUid":"RestSharp.Serializers.JsonSerializer"}]}]}
